Model,Accuracy,Precision,Recall,F1 Score
Random Forest,0.6501685772083614,0.4416124951569992,0.6501685772083614,0.5132375956208188
XGBoost,0.6620190111587236,0.611811108223574,0.6620190111587236,0.5414726542619832
BERT,0.6753268222652427,0.6232394850090532,0.6753268222652427,0.624895222412564
